distribution,sigma,gs_errors,rot_errors,gs_ber,rot_ber,ber_diff,rel_ber_change,both_correct,gs_only_correct,rot_only_correct,both_wrong
gaussian,0.0,0,0,0.0,0.0,0.0,,100000,0,0,0
gaussian,0.14285714285714285,4690,0,0.0469,0.0,-0.0469,-1.0,95310,0,4690,0
gaussian,0.2857142857142857,8990,490,0.0899,0.0049,-0.08499999999999999,-0.9454949944382647,90813,197,8697,293
gaussian,0.42857142857142855,13084,3947,0.13084,0.03947,-0.09137,-0.6983338428615102,85581,1335,10472,2612
gaussian,0.5714285714285714,16469,8910,0.16469,0.0891,-0.07559,-0.4589835448418241,80816,2715,10274,6195
gaussian,0.7142857142857142,19672,13774,0.19672,0.13774,-0.058980000000000005,-0.2998169987799919,76663,3665,9563,10109
gaussian,0.8571428571428571,22463,17950,0.22463,0.1795,-0.04513,-0.2009081600854739,73273,4264,8777,13686
gaussian,1.0,24879,21557,0.24879,0.21557,-0.03322,-0.13352626713292334,70496,4625,7947,16932
gaussian,1.1428571428571428,27264,24455,0.27264,0.24455,-0.028090000000000004,-0.10302963615023476,68142,4594,7403,19861
gaussian,1.2857142857142856,29084,27067,0.29084,0.27067,-0.020169999999999966,-0.06935084582588354,66369,4547,6564,22520
gaussian,1.4285714285714284,30250,28560,0.3025,0.2856,-0.01689999999999997,-0.05586776859504123,65319,4431,6121,24129
gaussian,1.5714285714285714,32061,30768,0.32061,0.30768,-0.012929999999999997,-0.04032937213436885,63508,4431,5724,26337
gaussian,1.7142857142857142,33154,32040,0.33154,0.3204,-0.011139999999999983,-0.03360077215418949,62745,4101,5215,27939
gaussian,1.857142857142857,34223,33347,0.34223,0.33347,-0.00875999999999999,-0.025596820851474127,61745,4032,4908,29315
gaussian,2.0,35158,34363,0.35158,0.34363,-0.007950000000000013,-0.02261220774788103,60977,3865,4660,30498
laplace,0.0,0,0,0.0,0.0,0.0,,100000,0,0,0
laplace,0.14285714285714285,3984,33,0.03984,0.00033,-0.03951,-0.9917168674698796,96002,14,3965,19
laplace,0.2857142857142857,7726,1186,0.07726,0.01186,-0.0654,-0.8464923634480974,91821,453,6993,733
laplace,0.42857142857142855,11231,3991,0.11231,0.03991,-0.07239999999999999,-0.6446442881310658,87583,1186,8426,2805
laplace,0.5714285714285714,14333,7387,0.14333,0.07387,-0.06946000000000001,-0.48461592130049536,83717,1950,8896,5437
laplace,0.7142857142857142,16992,10908,0.16992,0.10908,-0.06083999999999999,-0.3580508474576271,80415,2593,8677,8315
laplace,0.8571428571428571,19142,13631,0.19142,0.13631,-0.05511000000000002,-0.28790095078884137,77940,2918,8429,10713
laplace,1.0,21431,16547,0.21431,0.16547,-0.048839999999999995,-0.22789417199384068,75233,3336,8220,13211
laplace,1.1428571428571428,23163,18994,0.23163,0.18994,-0.041690000000000005,-0.17998532141777837,73348,3489,7658,15505
laplace,1.2857142857142856,24904,20895,0.24904,0.20895,-0.040090000000000015,-0.16097815611949892,71542,3554,7563,17341
laplace,1.4285714285714284,26316,22936,0.26316,0.22936,-0.0338,-0.1284389724882201,70001,3683,7063,19253
laplace,1.5714285714285714,27820,24855,0.2782,0.24855,-0.02965000000000001,-0.10657800143781455,68469,3711,6676,21144
laplace,1.7142857142857142,28741,26096,0.28741,0.26096,-0.026449999999999974,-0.09202880901847525,67484,3775,6420,22321
laplace,1.857142857142857,29613,27352,0.29613,0.27352,-0.02261000000000002,-0.0763516023368116,66700,3687,5948,23665
laplace,2.0,31166,28878,0.31166,0.28878,-0.02288000000000001,-0.07341333504459992,65326,3508,5796,25370
student_t,0.0,0,0,0.0,0.0,0.0,,100000,0,0,0
student_t,0.14285714285714285,3639,130,0.03639,0.0013,-0.035089999999999996,-0.9642758999725198,96319,42,3551,88
student_t,0.2857142857142857,7004,981,0.07004,0.00981,-0.060230000000000006,-0.8599371787549972,92717,279,6302,702
student_t,0.42857142857142855,10139,2702,0.10139,0.02702,-0.07436999999999999,-0.7335042903639412,89169,692,8129,2010
student_t,0.5714285714285714,12716,5046,0.12716,0.05046,-0.07669999999999999,-0.603177099716892,85999,1285,8955,3761
student_t,0.7142857142857142,15275,7837,0.15275,0.07837,-0.07438,-0.48693944353518825,82780,1945,9383,5892
student_t,0.8571428571428571,17622,10842,0.17622,0.10842,-0.06779999999999999,-0.38474633980251954,79826,2552,9332,8290
student_t,1.0,19638,13503,0.19638,0.13503,-0.06134999999999999,-0.31240452184540174,77359,3003,9138,10500
student_t,1.1428571428571428,21411,15958,0.21411,0.15958,-0.054529999999999995,-0.2546821727149596,75279,3310,8763,12648
student_t,1.2857142857142856,23388,18471,0.23388,0.18471,-0.04916999999999999,-0.21023601847101073,73048,3564,8481,14907
student_t,1.4285714285714284,24789,20707,0.24789,0.20707,-0.040819999999999995,-0.16466981322360721,71315,3896,7978,16811
student_t,1.5714285714285714,26056,22483,0.26056,0.22483,-0.03573000000000001,-0.13712772490021496,70023,3921,7494,18562
student_t,1.7142857142857142,27286,24158,0.27286,0.24158,-0.03128,-0.11463754306237632,68644,4070,7198,20088
student_t,1.857142857142857,28618,25889,0.28618,0.25889,-0.02728999999999998,-0.09535956391082528,67426,3956,6685,21933
student_t,2.0,29317,26958,0.29317,0.26958,-0.02359,-0.08046525906470649,66604,4079,6438,22879
mixture,0.0,0,0,0.0,0.0,0.0,,100000,0,0,0
mixture,0.14285714285714285,2643,477,0.02643,0.00477,-0.02166,-0.8195232690124858,97211,146,2312,331
mixture,0.2857142857142857,5102,1299,0.05102,0.01299,-0.03803,-0.7453939631517053,94651,247,4050,1052
mixture,0.42857142857142855,7106,1662,0.07106,0.01662,-0.05444,-0.7661131438221223,92690,204,5648,1458
mixture,0.5714285714285714,8990,1935,0.0899,0.01935,-0.07055,-0.7847608453837598,90802,208,7263,1727
mixture,0.7142857142857142,10546,2514,0.10546,0.02514,-0.08032,-0.7616157784942158,89126,328,8360,2186
mixture,0.8571428571428571,12436,3658,0.12436,0.03658,-0.08778,-0.7058539723383724,86910,654,9432,3004
mixture,1.0,13906,5137,0.13906,0.05137,-0.08768999999999999,-0.6305911117503236,84873,1221,9990,3916
mixture,1.1428571428571428,15689,7078,0.15689,0.07078,-0.08611,-0.5488558862897572,82617,1694,10305,5384
mixture,1.2857142857142856,16845,8932,0.16845,0.08932,-0.07912999999999999,-0.4697536360937964,80956,2199,10112,6733
mixture,1.4285714285714284,18398,11138,0.18398,0.11138,-0.0726,-0.39460810957712794,78880,2722,9982,8416
mixture,1.5714285714285714,19459,13007,0.19459,0.13007,-0.06452000000000002,-0.3315689398221903,77406,3135,9587,9872
mixture,1.7142857142857142,20767,14793,0.20767,0.14793,-0.05973999999999999,-0.2876679347040978,75710,3523,9497,11270
mixture,1.857142857142857,21914,16593,0.21914,0.16593,-0.05321000000000001,-0.242812813726385,74322,3764,9085,12829
mixture,2.0,23257,18456,0.23257,0.18456,-0.04801,-0.20643247194393086,72761,3982,8783,14474
uniform,0.0,0,0,0.0,0.0,0.0,,100000,0,0,0
uniform,0.14285714285714285,5049,0,0.05049,0.0,-0.05049,-1.0,94951,0,5049,0
uniform,0.2857142857142857,9924,0,0.09924,0.0,-0.09924,-1.0,90076,0,9924,0
uniform,0.42857142857142855,14211,1675,0.14211,0.01675,-0.12535999999999997,-0.8821335585110125,85056,733,13269,942
uniform,0.5714285714285714,18406,10583,0.18406,0.10583,-0.07823000000000001,-0.4250244485493861,77877,3717,11540,6866
uniform,0.7142857142857142,21858,17794,0.21858,0.17794,-0.04064000000000001,-0.18592734925427765,72655,5487,9551,12307
uniform,0.8571428571428571,25132,23067,0.25132,0.23067,-0.02065,-0.08216616266114914,68798,6070,8135,16997
uniform,1.0,28020,26923,0.2802,0.26923,-0.01096999999999998,-0.03915060670949315,66149,5831,6928,21092
uniform,1.1428571428571428,30320,29864,0.3032,0.29864,-0.0045600000000000085,-0.015039577836411636,64218,5462,5918,24402
uniform,1.2857142857142856,32381,32134,0.32381,0.32134,-0.0024699999999999722,-0.0076279299589264455,62512,5107,5354,27027
uniform,1.4285714285714284,33823,33691,0.33823,0.33691,-0.0013199999999999878,-0.0039026697809182746,61437,4740,4872,28951
uniform,1.5714285714285714,35459,35459,0.35459,0.35459,0.0,0.0,60169,4372,4372,31087
uniform,1.7142857142857142,36607,36571,0.36607,0.36571,-0.00036000000000002697,-0.000983418471877037,59417,3976,4012,32595
uniform,1.857142857142857,37658,37694,0.37658,0.37694,0.00035999999999997145,0.000955972170587847,58637,3705,3669,33989
uniform,2.0,38479,38588,0.38479,0.38588,0.0010899999999999799,0.0028327139478676157,57968,3553,3444,35035
